keep_prob,testAcc
0.1,0.10546875
0.2,0.375
0.3,0.4921875
0.4,0.71484375
0.5,0.7578125
0.6,0.71484375
0.7,0.79296875
0.8,0.7109375
0.9,0.78125
1.0,0.8046875
