keep_prob,testAcc,,,,,,,,,,,,,,keep_prob,testAcc
0.1,0.0938,,,,,,,,,,,,,,0.1,0.09375
0.2,0.125,,,,,,,,,,,,,,0.2,0.125
0.3,0.4258,,,,,,,,,,,,,,0.3,0.42578125
0.4,0.5703,,,,,,,,,,,,,,0.4,0.5703125
0.5,0.7382,,,,,,,,,,,,,,0.5,0.73828125
0.6,0.7969,,,,,,,,,,,,,,0.6,0.796875
0.7,0.8242,,,,,,,,,,,,,,0.7,0.82421875
0.8,0.8008,,,,,,,,,,,,,,0.8,0.80078125
0.9,0.832,,,,,,,,,,,,,,0.9,0.83203125
1,0.7148,,,,,,,,,,,,,,1,0.71484375
