lr,lr,Momentum,Adam
0.0000001,0.0000001,0.68359375,0.1015625
0.000001,0.000001,0.73046875,0.12890625
0.00001,0.00001,0.08984375,0.46484375
0.0001,0.0001,0.0703125,0.69140625
0.001,0.001,0.10546875,0.7734375
0.01,0.01,0.09765625,0.6328125
